story_id	area	feature	user_story	expected_behavior	code_evidence	existing_test_evidence	status	test_state	priority	risk_notes	error_id	error_notes	fix_status	retest_status
HOME-001	Home	Launch shell	As a user I want the app to open on the Home tab so I can see protection state first.	HomeActivity is the exported launcher, hosts the bottom-nav shell, defaults fresh launches to Home, and stores latest singleTop intents before deep-navigation routing.	app/src/main/AndroidManifest.xml; app/src/main/java/org/adaway/ui/home/HomeActivity.java; app/src/main/res/layout/activity_home_nav.xml; app/src/main/res/menu/bottom_nav_menu.xml	app/src/test/java/org/adaway/ui/home/HomeNavigationSourcesContractTest.java; app/src/androidTest/java/org/adaway/ui/UxDeviceMatrixTest.java	Partially covered	Focused launch-shell contract passed	P0	Full first-run/passive launch screenshot matrix still needs device verification.	UX-OPEN-HOME-LAUNCH-NAV	singleTop deep-navigation intents updated the selected tab but left Activity.getIntent() stale; fixed by storing the new intent before routing.	Fixed in working tree	Focused retest passed
HOME-002	Home	Bottom navigation	As a user I want Home Discover Sources and More reachable from the main screen.	Bottom nav exposes nav_home nav_discover nav_sources and nav_more, and HomeActivity routes Home, Discover, Sources, and More through one shell.	app/src/main/res/menu/bottom_nav_menu.xml; app/src/main/java/org/adaway/ui/home/HomeActivity.java; app/src/main/res/layout/activity_home_nav.xml	app/src/test/java/org/adaway/ui/home/HomeNavigationSourcesContractTest.java; app/src/androidTest/java/org/adaway/ui/home/HomeNavigationSourcesInstrumentedTest.java	Partially covered	Focused launch-shell and bottom-nav contract passed	P0	Full connected bottom-nav traversal still needs device verification after each app state.	UX-OPEN-HOME-LAUNCH-NAV	singleTop deep-navigation intents updated the selected tab but left Activity.getIntent() stale; fixed by storing the new intent before routing.	Fixed in working tree	Focused retest passed
HOME-003	Home	Protection applied state	As a user I want Home to clearly show whether protection is active.	Home observes AdBlockModel applied state through HomeViewModel and renders a primary active/off hero status.	app/src/main/java/org/adaway/ui/home/HomeFragment.java; app/src/main/java/org/adaway/ui/home/HomeViewModel.java; app/src/main/res/layout/home_content.xml; app/src/main/res/values/strings_home.xml	app/src/test/java/org/adaway/ui/home/HomeNavigationSourcesContractTest.java	Partially covered	Focused Home protection-state contract passed	P0	Full visual UX matrix still needed for active, off, and VPN stopped device states.	UX-OPEN-HOME-STATE	Home ignored the isAdBlocked boolean and only repainted the same header background; fixed by rendering explicit Protection active/off text.	Fixed in working tree	Focused retest passed
HOME-004	Home	Host counters	As a user I want blocked allowed and redirected rule counts to stay accurate during and after updates.	HomeFragment binds blocked allowed and redirected counts and freezes import counters during active operations.	app/src/main/java/org/adaway/ui/home/HomeFragment.java; app/src/main/java/org/adaway/ui/home/HomeViewModel.java	app/src/test/java/org/adaway/ui/home/HomeNavigationSourcesContractTest.java	Partially covered	Needs visual and data check	P1	Counters can mislead users about protection truth.			Not started	Not retested
HOME-005	Home	Source freshness counters	As a user I want to know how many sources are current or outdated.	HomeViewModel exposes countUpToDate and countOutdated and HomeFragment renders plural labels.	app/src/main/java/org/adaway/ui/home/HomeViewModel.java; app/src/main/res/values/strings_home.xml	Needs connected data test	Not tested	Needs DB seeded test	P1	Freshness is part of trust.			Not started	Not retested
HOME-006	Home	Update actions	As a user I want to check sources or immediately apply protection updates.	Home check and update/apply actions are semantic buttons with clear labels; check calls update and update/apply sync retrieves sources then applies ad blocking.	app/src/main/java/org/adaway/ui/home/HomeFragment.java; app/src/main/java/org/adaway/ui/home/HomeViewModel.java; app/src/main/res/layout/home_content.xml; app/src/main/res/values/strings_home.xml	app/src/test/java/org/adaway/ui/home/HomeNavigationSourcesContractTest.java; app/src/androidTest/java/org/adaway/model/source/SourceUpdateServiceWorkManagerTest.java	Partially covered	Focused Home action contract passed	P0	Full connected update/apply user path still needs device verification.	UX-OPEN-HOME-UPDATE-ACTIONS	Home update controls were plain icon views with vague apply copy; fixed by using semantic image buttons with tooltips and explicit update/apply protection label.	Fixed in working tree	Focused retest passed
HOME-007	Home	Update progress	As a user I want update progress to show download parse finalizing complete and stopped states.	HomeFragment observes FilterOperationState and renders phase progress bars status text and bird progress icon.	app/src/main/java/org/adaway/ui/home/HomeFragment.java; app/src/main/java/org/adaway/model/source/FilterOperationState.java	app/src/test/java/org/adaway/model/source/FilterOperationStateTest.java; app/src/androidTest/java/org/adaway/ui/UxDeviceMatrixTest.java	Partially covered	Needs UX matrix sign-off	P1	Progress bugs look like freezes.			Not started	Not retested
HOME-008	Home	Pause resume update	As a user I want to pause and resume a long source update.	Home pause button toggles SourceModel pause and resume requests and updates icon descriptions.	app/src/main/java/org/adaway/ui/home/HomeFragment.java; app/src/main/java/org/adaway/ui/home/HomeViewModel.java	Needs connected behavior coverage	Not tested	Needs long-running update test	P1	Pause state can race with worker lifecycle.			Not started	Not retested
HOME-009	Home	Stop update	As a user I want to stop an in-progress update without corrupting protection.	Home stop button requests SourceModel stop and terminal stopped state disables controls.	app/src/main/java/org/adaway/ui/home/HomeFragment.java; app/src/main/java/org/adaway/model/source/SourceModel.java	Needs connected behavior coverage	Not tested	Needs cancellation test	P1	Stop must not wipe active rules.			Not started	Not retested
HOME-010	Home	Leak status	As a user I want visible warnings for Private DNS DoH VPN bypass and excluded apps.	LeakStatus.from builds risk state and HomeFragment renders risk details with settings actions.	app/src/main/java/org/adaway/ui/home/LeakStatus.java; app/src/main/java/org/adaway/ui/home/HomeFragment.java	app/src/test/java/org/adaway/ui/home/LeakStatusTest.java	Partially covered	Focused unit retest passed	P0	Device settings pass still needed for real Private DNS VPN bypass and excluded-app states.	UX-OPEN-LEAK-CLEAN	Clean summary was unreachable because DoH was always counted as an active risk; fixed by treating covered common DoH routing as a disclosed limitation rather than a detected risk.	Fixed in working tree	Focused retest passed
HOME-011	Home	App update signal	As a user I want the version label to show when an app update is available.	HomeFragment observes UpdateModel manifest and opens UpdateActivity from version label.	app/src/main/java/org/adaway/ui/home/HomeFragment.java; app/src/main/java/org/adaway/model/update/UpdateModel.java	app/src/test/java/org/adaway/model/update/ManifestTest.java	Partially covered	Needs UI path test	P2	Secondary but visible trust feature.			Not started	Not retested
HOME-012	Home	Error dialog	As a user I want update or apply errors explained with a Help action.	HomeFragment displays HostError title details and Help link when ViewModel posts an error.	app/src/main/java/org/adaway/ui/home/HomeFragment.java; app/src/main/java/org/adaway/model/error/HostError.java	Needs UI error injection test	Not tested	Needs negative-path test	P1	Error clarity reduces support load.			Not started	Not retested
ONB-001	Onboarding	First-run mode selection	As a new user I want onboarding to configure root or VPN blocking before use.	HomeActivity redirects unconfigured users to OnboardingActivity; no-root auto-detect preselects VPN without launching system consent, and Start requests VPN authorization before completing.	app/src/main/java/org/adaway/ui/home/HomeActivity.java; app/src/main/java/org/adaway/ui/onboarding/OnboardingActivity.java; app/src/main/res/layout/activity_onboarding.xml	app/src/test/java/org/adaway/ui/onboarding/OnboardingFirstRunContractTest.java; app/src/androidTest/java/org/adaway/ui/UxDeviceMatrixTest.java	Partially covered	Focused first-run onboarding contract passed	P0	Full first-run device path still needs install-smoke verification.	UX-OPEN-ONBOARDING-VPN-PROMPT	No-root auto-detect could launch Android VPN consent before explicit user intent; fixed passive VPN preselection and moved consent to card or Start action.	Fixed in working tree	Focused retest passed
ONB-002	Onboarding	Default list subscription	As a new user I want useful default lists added automatically when appropriate.	Onboarding completion launches Home with EXTRA_ONBOARDING_COMPLETE, and HomeActivity calls DefaultListsSubscriber.subscribeDefaultsIfEmpty only after that flow.	app/src/main/java/org/adaway/ui/home/HomeActivity.java; app/src/main/java/org/adaway/ui/onboarding/OnboardingActivity.java; app/src/main/java/org/adaway/ui/onboarding/DefaultListsSubscriber.java	app/src/test/java/org/adaway/ui/onboarding/OnboardingFirstRunContractTest.java; app/src/test/java/org/adaway/ui/onboarding/DefaultListsSubscriberTest.java	Partially covered	Focused onboarding handoff contract passed	P0	Full fresh-install default-list DB smoke still needed on device.	UX-OPEN-ONBOARDING-VPN-PROMPT	Onboarding completion handoff is now covered while preserving subscribe-defaults-if-empty behavior after Home launch.	Fixed in working tree	Focused retest passed
DISC-001	Discover	Catalog categories	As a user I want curated filter categories so I can choose lists by purpose.	DiscoverCatalogFragment uses FilterListCatalog category entries for ads privacy malware regional and more.	app/src/main/java/org/adaway/ui/discover/DiscoverCatalogFragment.java; app/src/main/java/org/adaway/model/source/FilterListCatalog.java	app/src/test/java/org/adaway/ui/home/HomeNavigationSourcesContractTest.java	Partially covered	Needs visual pass	P1	Market-leading discovery surface.			Not started	Not retested
DISC-002	Discover	Quick presets	As a user I want Safe Balanced and Aggressive presets to subscribe a coherent group.	Discover preset chips apply catalog preset entries, save the active profile, and enqueue immediate source update work when the preset changes.	app/src/main/java/org/adaway/ui/discover/DiscoverFragment.java; app/src/main/java/org/adaway/model/source/FilterListCatalog.java	app/src/test/java/org/adaway/ui/discover/DiscoverPresetSubscriptionTest.java; app/src/androidTest/java/org/adaway/ui/discover/DiscoverQuickPresetInstrumentedTest.java	Covered by unit and connected CI	Connected Safe quick-preset PR test passed; Balanced/Aggressive remain unit-contract covered	P0	Full manual visual pass still needed for preset chip layout and snackbar copy across device sizes.	UX-OPEN-DISCOVER-QUICK-PRESET-CONNECTED	Quick-preset behavior had only source-text coverage; added connected test for Safe chip source insertion, active profile persistence, and immediate update work enqueue.	Test added in c6cc86bc	PR connected retest passed
DISC-003	Discover	Profile status	As a user I want to see whether My Lists matches a saved profile or custom state.	Discover resolves enabled URLs with FilterProfileState and shows exact extended partial or custom status.	app/src/main/java/org/adaway/ui/discover/DiscoverFragment.java; app/src/main/java/org/adaway/ui/hosts/FilterProfileState.java	app/src/test/java/org/adaway/ui/hosts/FilterProfileStateTest.java	Partially covered	Needs UI assertion	P1	Wrong status breaks trust in presets.			Not started	Not retested
DISC-004	Discover	FilterLists directory load	As a user I want to browse FilterLists.com lists from inside the app.	DiscoverFilterListsFragment loads FilterListsDirectoryApi summaries and displays rows.	app/src/main/java/org/adaway/ui/discover/DiscoverFilterListsFragment.java; app/src/main/java/org/adaway/model/source/FilterListsDirectoryApi.java	app/src/test/java/org/adaway/model/source/FilterListsDirectoryApiTest.java	Partially covered	Needs network/offline tests	P1	Network and API drift risk.			Not started	Not retested
DISC-005	Discover	Directory search filters	As a user I want to filter directory lists by search category language and DNS-safe compatibility.	DiscoverFilterListsFragment filters summaries and updates visible list scope.	app/src/main/java/org/adaway/ui/discover/DiscoverFilterListsFragment.java; app/src/main/res/values/strings_filter_catalog.xml	app/src/test/java/org/adaway/ui/discover/FilterListsUiStateTest.java	Partially covered	Needs UX flow test	P1	Filtered bulk actions depend on this.			Not started	Not retested
DISC-006	Discover	Compatibility gating	As a user I want only DNS-safe lists bulk-added automatically.	FilterListCompatibility marks exact DNS syntaxes as bulk safe and rejects browser-rule syntaxes; bulk worker skips unsupported scoped rows before detail fetch, source insertion, or update enqueue side effects.	app/src/main/java/org/adaway/model/source/FilterListCompatibility.java; app/src/main/java/org/adaway/ui/discover/DiscoverFilterListsFragment.java; app/src/main/java/org/adaway/ui/hosts/FilterListsSubscribeAllWorker.java	app/src/test/java/org/adaway/model/source/FilterListCompatibilityTest.java; app/src/androidTest/java/org/adaway/ui/hosts/FilterListsSubscribeAllWorkerDoWorkTest.java	Covered by unit and connected CI	Focused local gates and PR connected execution passed	P0	Unsafe flattening can break filtering semantics; full Discover manual review copy/device flow still needs visual pass.	UX-OPEN-DISCOVER-FILTERLISTS-COMPATIBILITY-GATING	Bulk worker previously enqueued a source update after an unsupported-only scoped run, even though no DNS-safe source was subscribed.	Fixed in 32fde642	PR connected retest passed
DISC-007	Discover	Subscribe visible lists	As a user I want bulk subscription to affect only the visible compatible rows after filters.	Discover bulk subscribe sends selected visible FilterLists IDs to FilterListsSubscribeAllWorker and subscribed rows can resolve from durable FilterLists source metadata when cache is cold.	app/src/main/java/org/adaway/ui/discover/DiscoverFilterListsFragment.java; app/src/main/java/org/adaway/ui/hosts/FilterListsSubscribeAllWorker.java	app/src/test/java/org/adaway/ui/hosts/FilterListsSubscribeAllWorkerTest.java; app/src/androidTest/java/org/adaway/ui/hosts/FilterListsSubscribeAllWorkerRoomTest.java; app/src/test/java/org/adaway/ui/discover/DiscoverPresetSubscriptionTest.java	Partially covered	Focused filtered-scope and durable metadata contracts passed	P0	Full manual filtered UI pass still needed on device.	UX-OPEN-DISCOVER-FILTERLISTS-METADATA-CACHE	Subscribed FilterLists rows depended on transient URL cache for row state after restart/cache miss; fixed durable filterListId selected-URL fallback.	Fixed in working tree	Focused retest passed
DISC-008	Discover	Bulk remove	As a user I want visible or all FilterLists sources removable with confirmation.	DiscoverFilterListsFragment shows confirm remove dialogs, resolves visible source URLs from durable FilterLists metadata, and reports removed count.	app/src/main/java/org/adaway/ui/discover/DiscoverFilterListsFragment.java; app/src/main/res/values/strings_filter_catalog.xml	app/src/test/java/org/adaway/ui/discover/DiscoverPresetSubscriptionTest.java	Partially covered	Focused durable metadata remove contract passed	P1	Full destructive remove device flow still needs connected UI verification.	UX-OPEN-DISCOVER-FILTERLISTS-METADATA-CACHE	Visible bulk remove could miss subscribed FilterLists sources when transient URL cache data was cold or stale; fixed durable filterListId selected-URL fallback.	Fixed in working tree	Focused retest passed
DISC-009	Discover	Bulk progress cancel retry	As a user I want bulk list subscription progress cancellation retry and review summary.	Worker outputs counts and review data while UI shows running stopping cancelled and retry states.	app/src/main/java/org/adaway/ui/discover/DiscoverFilterListsFragment.java; app/src/main/java/org/adaway/ui/hosts/FilterListsSubscribeAllWorker.java	app/src/test/java/org/adaway/ui/hosts/FilterListsSubscribeAllWorkerTest.java	Partially covered	Needs long-run cancel test	P1	Can look hung on large directories.			Not started	Not retested
DISC-010	Discover	Unsupported list review	As a user I want unsupported lists explained and optionally added manually.	UI fetches details for unsupported rows and shows syntax capability summary plus manual add when URL exists.	app/src/main/java/org/adaway/ui/discover/DiscoverFilterListsFragment.java; app/src/main/java/org/adaway/model/source/FilterListCompatibility.java	app/src/test/java/org/adaway/model/source/FilterListCompatibilityTest.java	Partially covered	Needs manual dialog test	P2	Clarity prevents false compatibility claims.			Not started	Not retested
NAV-001	Navigation	Discover deep entry	As a user I want app links and Home CTAs to open Discover directly when appropriate.	HomeActivity accepts EXTRA_NAV_DISCOVER and HomeFragment no-source and progress text entry points navigate to Discover.	app/src/main/java/org/adaway/ui/home/HomeActivity.java; app/src/main/java/org/adaway/ui/home/HomeFragment.java	app/src/androidTest/java/org/adaway/ui/UxDeviceMatrixTest.java	Partially covered	Needs direct intent test	P1	Explorer found no direct assertion for EXTRA_NAV_DISCOVER behavior.			Not started	Not retested
SRC-001	Sources	Categorized source list	As a user I want subscribed sources grouped into readable categories.	HostsSourcesFragment uses CategorizedSourcesAdapter and expandable category rows.	app/src/main/java/org/adaway/ui/hosts/HostsSourcesFragment.java; app/src/main/java/org/adaway/ui/hosts/CategorizedSourcesAdapter.java	app/src/test/java/org/adaway/ui/hosts/CategorizedSourcesAdapterTest.java	Partially covered	Needs large-font pass	P1	Main management surface.			Not started	Not retested
SRC-002	Sources	Enable disable source	As a user I want to toggle a source and apply the changed protection.	Source rows update enabled state; ApplyConfigurationSnackbar shows pending applying success and failure feedback while applying changed protection.	app/src/main/java/org/adaway/ui/hosts/HostsSourcesFragment.java; app/src/main/java/org/adaway/ui/adblocking/ApplyConfigurationSnackbar.java; app/src/main/res/values/strings.xml	app/src/test/java/org/adaway/ui/adblocking/ApplyConfigurationSnackbarContractTest.java	Partially covered	Focused source apply-feedback contract passed	P0	Full connected source-toggle apply user path still needs device verification.	UX-OPEN-SOURCE-APPLY-FEEDBACK	Successful apply after source changes had no distinct confirmation and Sources update/apply could reuse pending-configuration copy; fixed by adding applied-success feedback.	Fixed in working tree	Focused retest passed
SRC-003	Sources	Add custom source	As a user I want to add a custom hosts source URL.	HostsSourcesFragment opens add options and SourceEditActivity edits source details.	app/src/main/java/org/adaway/ui/hosts/HostsSourcesFragment.java; app/src/main/java/org/adaway/ui/source/SourceEditActivity.java	Needs UI add test	Not tested	Needs validation pass	P1	Important advanced path.			Not started	Not retested
SRC-004	Sources	Edit source metadata	As a user I want to edit source name URL and enabled state safely.	SourceEditActivity validates and saves HostsSource rows.	app/src/main/java/org/adaway/ui/source/SourceEditActivity.java; app/src/main/res/layout/source_edit_activity.xml	Needs unit or UI validation test	Not tested	Needs validation matrix	P1	Bad validation can create unusable updates.			Not started	Not retested
SRC-005	Sources	Update all sources	As a user I want a menu action to refresh all subscribed sources.	HostsSourcesFragment action_hosts_update_all triggers all-sources update then applies protection with explicit update/apply copy and running feedback.	app/src/main/java/org/adaway/ui/hosts/HostsSourcesFragment.java; app/src/main/res/menu/hosts_sources_menu.xml; app/src/main/res/values/strings.xml	app/src/test/java/org/adaway/ui/hosts/HostsSourcesActionsContractTest.java; app/src/androidTest/java/org/adaway/model/source/SourceUpdateServiceWorkManagerTest.java	Partially covered	Focused Sources update-all menu contract passed	P0	Full connected Sources overflow-menu update-all path still needs device verification.	UX-OPEN-SOURCES-UPDATE-ALL	Update-all menu copy hid that protection is applied and running feedback looked like generic configuration apply; fixed explicit update/apply copy and source-update running message.	Fixed in working tree	Focused retest passed
SRC-006	Sources	Save filter set	As a user I want to save current enabled source URLs as a named profile.	HostsSourcesFragment validates set name and FilterSetStore saves enabled URLs.	app/src/main/java/org/adaway/ui/hosts/HostsSourcesFragment.java; app/src/main/java/org/adaway/ui/hosts/FilterSetStore.java	app/src/test/java/org/adaway/ui/hosts/FilterSetStoreTest.java	Partially covered	Needs UI dialog test	P1	Profiles are market-leading simplicity feature.			Not started	Not retested
SRC-007	Sources	Apply filter set	As a user I want to preview enable disable keep and missing counts before applying a profile.	FilterProfileDiff resolves changes and confirmation warns on empty missing-only or weakening protection.	app/src/main/java/org/adaway/ui/hosts/HostsSourcesFragment.java; app/src/main/java/org/adaway/ui/hosts/FilterProfileDiff.java	app/src/test/java/org/adaway/ui/hosts/FilterProfileStateTest.java	Partially covered	Needs UI confirmation test	P1	Bad preview can cause destructive surprises.			Not started	Not retested
SRC-008	Sources	Manage filter sets	As a user I want to rename or delete saved profiles with validation.	HostsSourcesFragment lists manageable sets and supports rename and delete confirmations.	app/src/main/java/org/adaway/ui/hosts/HostsSourcesFragment.java; app/src/main/java/org/adaway/ui/hosts/FilterSetStore.java	app/src/test/java/org/adaway/ui/hosts/FilterSetStoreTest.java	Partially covered	Needs UI dialog test	P2	Management polish.			Not started	Not retested
SRC-009	Sources	Schedule filter set	As a user I want saved profiles to update on a schedule.	HostsSourcesFragment exposes schedule actions and FilterSetUpdateService schedules workers.	app/src/main/java/org/adaway/ui/hosts/HostsSourcesFragment.java; app/src/main/java/org/adaway/ui/hosts/FilterSetUpdateService.java; app/src/main/java/org/adaway/ui/hosts/SchedulesActivity.java	app/src/androidTest/java/org/adaway/ui/hosts/FilterSetUpdateServiceWorkManagerTest.java	Partially covered	Needs schedule UI test	P1	Scheduled changes can surprise users.			Not started	Not retested
SRC-010	Sources	Delete source	As a user I want deleting a source to require confirmation and remove its downloaded rules.	Hosts source UI exposes delete actions and source/rule cleanup is handled through DAO/model paths.	app/src/main/java/org/adaway/ui/hosts/HostsSourcesFragment.java; app/src/main/java/org/adaway/model/source/SourceModel.java	Needs destructive UI test	Not tested	Needs confirmation pass	P1	Destructive path.			Not started	Not retested
LIST-001	Your Lists	Blocked allowed redirected tabs	As a user I want separate tabs for blocked allowed and redirected rules.	ListsActivity hosts pager tabs for blocked allowed and redirected fragments, selects the requested bottom-navigation item, and each tab renders only rules for its own list type including redirected IP subtext.	app/src/main/java/org/adaway/ui/lists/ListsActivity.java; app/src/main/java/org/adaway/ui/lists/ListsFragmentPagerAdapter.java; app/src/main/java/org/adaway/ui/lists/type/BlockedHostsFragment.java; app/src/main/java/org/adaway/ui/lists/type/AllowedHostsFragment.java; app/src/main/java/org/adaway/ui/lists/type/RedirectedHostsFragment.java; app/src/main/res/menu/lists_navigation.xml; app/src/androidTest/java/org/adaway/ui/lists/ListsTabsInstrumentedTest.java	app/src/androidTest/java/org/adaway/ui/UxDeviceMatrixTest.java; app/src/androidTest/java/org/adaway/ui/lists/ListsTabsInstrumentedTest.java	Covered by tests	Focused connected list-tab test passed locally; unit and android-test compile gates passed with JDK 21; PR CI passed	P0	Core rule management. Direct tab selection and per-type rendered test rows covered; broader edit/delete/add flows are tracked by LIST-003/LIST-004/LIST-005/LIST-006.			Verified existing behavior	Focused connected ListsTabsInstrumentedTest ran 1 test on adaway-api34; local Gradle gate passed; PR CI passed on 10519abb
LIST-002	Your Lists	Search rules	As a user I want to search my rule lists by domain.	AbstractListFragment search field updates ListsViewModel search query and state.	app/src/main/java/org/adaway/ui/lists/type/AbstractListFragment.java; app/src/main/java/org/adaway/ui/lists/ListsViewModel.java	app/src/test/java/org/adaway/ui/lists/ListsSearchBarTest.java	Partially covered	Needs UI search test	P1	Large lists need search.			Not started	Not retested
LIST-003	Your Lists	Add user rule	As a user I want to add blocked allowed or redirected host rules.	Each list fragment opens add dialogs and stores user-source HostListItem rows; redirected add/edit rejects private or reserved redirect IPs.	app/src/main/java/org/adaway/ui/lists/type/BlockedHostsFragment.java; app/src/main/java/org/adaway/ui/lists/type/AllowedHostsFragment.java; app/src/main/java/org/adaway/ui/lists/type/RedirectedHostsFragment.java; app/src/main/java/org/adaway/util/RegexUtils.java; app/src/main/java/org/adaway/model/backup/BackupFormat.java	app/src/androidTest/java/org/adaway/db/UserListTest.java; app/src/test/java/org/adaway/ui/lists/type/RedirectedHostsValidationContractTest.java	Partially covered	Focused redirected validation contract passed	P0	Full UI add/edit flow still needs device coverage.	UX-OPEN-REDIRECT-IP	Redirected-rule UI accepted any syntactically valid IP; fixed by sharing the valid public redirect-IP policy with backup import.	Fixed in working tree	Focused retest passed
LIST-004	Your Lists	Edit delete user rule	As a user I want to edit or delete my rules and confirm destructive deletes.	Action mode shows edit and delete only for user-source rows and delete requires confirmation.	app/src/main/java/org/adaway/ui/lists/type/AbstractListFragment.java; app/src/main/res/menu/checkbox_list_context.xml	app/src/androidTest/java/org/adaway/db/UserListTest.java	Partially covered	Needs UI destructive pass	P1	Accidental deletes are painful.			Not started	Not retested
LIST-005	Your Lists	Toggle rule enabled	As a user I want to enable or disable individual rules.	AbstractListFragment toggles user items and handles downloaded item overrides.	app/src/main/java/org/adaway/ui/lists/type/AbstractListFragment.java; app/src/main/java/org/adaway/ui/lists/ListsViewModel.java	app/src/androidTest/java/org/adaway/db/UserListTest.java	Partially covered	Needs source override test	P1	Toggle semantics are subtle.			Not started	Not retested
LIST-006	Your Lists	Downloaded rule override	As a user I want to override a downloaded block rule without editing the source.	Turning off a downloaded item prompts to create an override rule.	app/src/main/java/org/adaway/ui/lists/type/AbstractListFragment.java	Needs UI dialog test	Not tested	Needs behavior proof	P1	Breakage rescue path.			Not started	Not retested
LIST-007	Your Lists	Loading empty error states	As a user I want clear empty retry and no-match states.	ListsUiState controls loading failed no rules and no matches copy.	app/src/main/java/org/adaway/ui/lists/type/AbstractListFragment.java; app/src/main/java/org/adaway/ui/lists/type/ListsUiState.java	app/src/test/java/org/adaway/ui/lists/type/ListsUiStateTest.java	Covered by unit	Needs visual pass	P2	Polish and accessibility.			Not started	Not retested
RUNTIME-001	Update Pipeline	Download parse insert apply	As a user I want updating lists to download parse store and apply protection atomically.	SourceModel coordinates source retrieval and AdBlockModel.apply installs runtime rules.	app/src/main/java/org/adaway/model/source/SourceModel.java; app/src/main/java/org/adaway/model/source/SourceLoader.java; app/src/main/java/org/adaway/model/adblocking/AdBlockModel.java	app/src/androidTest/java/org/adaway/model/source/SourceModelGenerationFailureTest.java	Partially covered	Needs end-to-end device test	P0	Heart of the app.			Not started	Not retested
RUNTIME-000	Runtime Method	Ad-block method dispatch	As a user I want the selected root or VPN mode to create the correct blocking runtime.	AdBlockModel builds the active model from selected AdBlockMethod and preferences switch through onboarding.	app/src/main/java/org/adaway/model/adblocking/AdBlockModel.java; app/src/main/java/org/adaway/AdAwayApplication.java; app/src/main/java/org/adaway/ui/prefs/PrefsMainFragment.java	app/src/androidTest/java/org/adaway/model/adblocking/AdBlockModelDispatchTest.java; app/src/test/java/org/adaway/ui/onboarding/OnboardingFirstRunContractTest.java	Covered by tests	Focused connected dispatch test passed locally; local unit and android-test compile gate passed; PR CI passed	P0	Dispatch coverage proves undefined root and VPN model selection plus app-level cache rebuild; root hosts apply and VPN TUN smoke remain separately tracked.			Verified existing behavior	Focused connected AdBlockModelDispatchTest ran 2 tests on adaway-api34; local Gradle gate passed; PR CI passed on c8d9fadb
RUNTIME-002	Update Pipeline	Conditional GET	As a user I want unchanged lists to skip download work while retaining protection.	Source HTTP handling supports ETag Last-Modified and 304 carry-forward behavior.	app/src/main/java/org/adaway/model/source/SourceModel.java; app/src/main/java/org/adaway/db/entity/HostsSource.java	app/src/androidTest/java/org/adaway/model/source/SourceModelHttpConditionalTest.java; app/src/test/java/org/adaway/model/source/Generation304MigrationTest.java	Covered by tests	Needs mixed network test	P0	304 bugs can drop coverage.			Not started	Not retested
RUNTIME-003	Update Pipeline	Failed-source preservation	As a user I want a failed source update not to erase currently active rules.	Full-update pipeline directly carries forward failed sources, dedupe-carries 304 sources, activates only a complete staging generation, and records failed-source metadata.	app/src/main/java/org/adaway/model/source/SourceModel.java; app/src/main/java/org/adaway/db/dao/HostEntryDao.java	app/src/androidTest/java/org/adaway/model/source/SourceModelGenerationFailureTest.java; app/src/androidTest/java/org/adaway/model/source/SourceModelHttpConditionalTest.java; app/src/test/java/org/adaway/model/source/Generation304MigrationTest.java	Covered by tests	Connected CI passed mixed 200/304/HTTP 500 preservation on b1d0b99c; focused and full local gates passed	P0	P0 correctness risk; broader runtime mutation matrix still open.	UX-OPEN-RUNTIME-MIXED-UPDATE-PRESERVATION	HTTP 500 responses were accepted as parseable successful responses when a body existed, bypassing failed-source carry-forward and activating a zero-row staging source.	Fixed	Connected CI passed on b1d0b99c; full PR checks green
RUNTIME-004	Runtime Truth	Active generation sync	As a user I want runtime host_entries to include user rules and active-generation source rows only.	HostEntryDao and RootHost export queries resolve active runtime truth.	app/src/main/java/org/adaway/db/dao/HostEntryDao.java; app/src/main/java/org/adaway/db/ActiveRootHostsCursor.java	app/src/androidTest/java/org/adaway/db/HostDbTest.java; app/src/androidTest/java/org/adaway/db/SourceDbTest.java; app/src/androidTest/java/org/adaway/ui/domainchecker/DomainCheckerRuntimeTruthTest.java; app/src/androidTest/java/org/adaway/model/source/SourceModelRuntimeTruthMutationTest.java	Covered by tests	Connected SourceModel mutation-matrix proof passed for user allow insert/delete and source disable/enable with active, stale, and future generation rows on 52188300	P0	Stale rows can leak or overblock.	UX-OPEN-RUNTIME-ACTIVE-GENERATION-MUTATION-MATRIX	No production defect found; missing proof was closed by connected mutation-matrix coverage.	Verified existing behavior	Focused android-test compile and full local Gradle gate passed; PR connected tests and full checks green on 52188300
RUNTIME-005	Parser	Hosts and DNS rule parsing	As a user I want supported hosts DNS RPZ dnsmasq unbound and suffix rules interpreted safely.	SourceLoader extracts exact and suffix rules and skips unsupported unsafe semantics.	app/src/main/java/org/adaway/model/source/SourceLoader.java; app/src/main/java/org/adaway/db/entity/RuleKind.java	app/src/test/java/org/adaway/model/source/SourceLoaderParserPatternsTest.java; app/src/test/java/org/adaway/model/source/SourceLoaderTest.java; app/src/androidTest/java/org/adaway/model/source/SourceLoaderDatabaseSemanticsTest.java	Covered by tests	Added parser matrix for DNS trailing-root-dot normalization, block-safe Unbound local-zone and local-data targets, unanchored ABP path/options skips, parse-to-DB RuleKind/skipped-row proof, redirect-enabled RPZ fallback, and dnsmasq inline-comment/normalization/safety cases; focused parser gate and full local JVM/android-test compile passed; PR CI passed on 5a3fb656	P0	Parser semantics define protection correctness.	UX-OPEN-PARSER-UNSAFE-FLATTENING	No remaining parser matrix gap is tracked locally; unsupported browser options, path rules, routing rules, unsafe redirects, and malformed dnsmasq shapes are intentionally skipped.	Fixed unsafe parser flattening, Unbound local-data target safety, redirect-enabled RPZ fallback, parse-to-DB proof, and dnsmasq formatting matrix	Focused parser gate and full local Gradle gate passed; PR checks green on 5a3fb656
RUNTIME-006	Runtime Truth	Exact and suffix matching	As a user I want exact and domain-suffix rules to work in both root export and VPN lookup.	RuleKind EXACT and SUFFIX are stored and HostEntryDao builds suffix-aware runtime data.	app/src/main/java/org/adaway/db/entity/RuleKind.java; app/src/main/java/org/adaway/db/dao/HostEntryDao.java	app/src/test/java/org/adaway/model/backup/BackupFormatSecurityTest.java; app/src/androidTest/java/org/adaway/model/vpn/VpnModelCacheInvalidationTest.java; app/src/androidTest/java/org/adaway/vpn/dns/DnsPacketProxyRuntimeTruthTest.java; app/src/androidTest/java/org/adaway/db/SourceDbTest.java	Covered by tests	Connected DNS proxy suffix lookup proof passed locally on adaway-api34; VpnModel cache invalidation and SourceDb exact/suffix runtime coverage already exist; full local JVM/android-test compile gate passed; PR CI passed on 9eeb441f	P0	Suffix mismatch causes visible leaks.	UX-OPEN-RUNTIME-VPN-SUFFIX-LOOKUP	No production defect found; missing proof was closed by connected DNS packet proxy coverage.	Verified existing behavior	Focused connected DNS proxy test and full local Gradle gate passed; PR checks green on 9eeb441f
RUNTIME-007	Root Blocking	Root hosts apply	As a rooted user I want AdAway to write the effective hosts file and remount safely.	RootModel applies root hosts entries and handles remount shell operations.	app/src/main/java/org/adaway/model/root/RootModel.java; app/src/main/java/org/adaway/model/root/ShellUtils.java	app/src/androidTest/java/org/adaway/db/HostDbTest.java	Partially covered	Needs rooted device smoke	P0	Requires real root environment.			Not started	Not retested
RUNTIME-008	VPN Blocking	Local VPN DNS blocking	As a non-root user I want the local VPN to intercept DNS and block allow or redirect domains.	VpnService starts VpnWorker which uses DNS proxy and HostEntry runtime data.	app/src/main/java/org/adaway/vpn/VpnService.java; app/src/main/java/org/adaway/vpn/worker/VpnWorker.java; app/src/main/java/org/adaway/vpn/worker/VpnPacketProcessor.java; app/src/main/java/org/adaway/vpn/dns/DnsPacketProxy.java	app/src/test/java/org/adaway/vpn/worker/VpnWorkerIdleTimeoutTest.java; app/src/test/java/org/adaway/vpn/dns/DnsQueryQueueTest.java; app/src/test/java/org/adaway/vpn/worker/VpnPacketProcessorTest.java; app/src/androidTest/java/org/adaway/vpn/dns/DnsPacketProxyRuntimeTruthTest.java	Partially covered	Worker tunnel packet seam and DNS proxy packet path covered; still needs Android VPN consent and TUN-device smoke	P0	Primary non-root mode; this environment can prove worker/proxy routing but not a real user-granted VPN interface.			Verified worker/proxy seam	Focused worker unit tests connected DNS proxy test and local Gradle gate passed; PR CI passed on de5ec702; full VPN service smoke remains pending
RUNTIME-009	VPN Blocking	VPN lifecycle watchdog	As a user I want the VPN service to stop restart and recover cleanly.	VpnServiceControls VpnServiceHeartbeat VpnWatchdog and throttler manage lifecycle and restarts.	app/src/main/java/org/adaway/vpn/VpnServiceControls.java; app/src/main/java/org/adaway/vpn/VpnServiceHeartbeat.java; app/src/main/java/org/adaway/vpn/worker/VpnWatchdog.java	app/src/test/java/org/adaway/vpn/worker/VpnWatchdogTest.java	Partially covered	Needs device lifecycle test	P1	Service lifecycle is Android-fragile.			Not started	Not retested
RUNTIME-011	VPN Blocking	DNS packet enforcement	As a VPN user I want DNS requests blocked allowed redirected or forwarded according to runtime truth.	DnsPacketProxy parses DNS packets and synthesizes block or redirect answers or forwards allowed queries.	app/src/main/java/org/adaway/vpn/dns/DnsPacketProxy.java; app/src/main/java/org/adaway/model/vpn/VpnModel.java	app/src/androidTest/java/org/adaway/model/vpn/VpnModelCacheInvalidationTest.java; app/src/androidTest/java/org/adaway/vpn/dns/DnsPacketProxyRuntimeTruthTest.java	Covered by tests	Focused connected DNS proxy packet test passed locally; local unit and android-test compile gate passed; PR CI passed	P0	Packet-level enforcement now covers suffix block exact block default forward and exact redirect; rooted hosts apply remains separately tracked in RUNTIME-007.			Verified existing behavior	Focused connected DnsPacketProxyRuntimeTruthTest ran 4 tests on adaway-api34; local Gradle gate passed; PR CI passed on 7da85aed
RUNTIME-012	VPN Blocking	DNS server and DoH routing	As a VPN user I want common encrypted DNS routes covered without false guarantees.	DnsServerMapper maps real DNS servers and routes common DoH provider IPs while copy discloses finite coverage.	app/src/main/java/org/adaway/vpn/dns/DnsServerMapper.java; app/src/main/res/values/strings_home.xml	app/src/test/java/org/adaway/security/SecurityHardeningTest.java	Partially covered	Needs leak scenario tests	P0	Provider list is finite and other encrypted DNS may bypass.			Not started	Not retested
RUNTIME-010	Performance	Large update scale	As a power user I want 100k 1M and 5M rule updates without ANR or memory blowup.	SourceLoaderPerformanceTest measures update and root export paths.	app/src/androidTest/java/org/adaway/model/source/SourceLoaderPerformanceTest.java; app/src/main/java/org/adaway/db/dao/HostEntryDao.java	app/src/androidTest/java/org/adaway/model/source/SourceLoaderPerformanceTest.java	Known gap	Needs benchmark rerun	P0	1M root export was historically unstable.			Not started	Not retested
DOMAIN-001	Domain Checker	Check domain result	As a user I want to enter a domain and know whether it is blocked allowed redirected or unknown.	DomainCheckerViewModel queries final runtime truth and produces DomainCheckResult.	app/src/main/java/org/adaway/ui/domainchecker/DomainCheckerFragment.java; app/src/main/java/org/adaway/ui/domainchecker/DomainCheckerViewModel.java	app/src/test/java/org/adaway/ui/domainchecker/DomainCheckerTest.java; app/src/androidTest/java/org/adaway/ui/domainchecker/DomainCheckerRuntimeTruthTest.java	Partially covered	Needs UI test	P1	Diagnostics must match runtime.			Not started	Not retested
DOMAIN-002	Domain Checker	Normalize input	As a user I want pasted domains with case IDNA or trailing dots normalized.	DomainNormalizer normalizes checker input before lookup.	app/src/main/java/org/adaway/ui/domainchecker/DomainNormalizer.java	app/src/test/java/org/adaway/ui/domainchecker/DomainNormalizerTest.java	Covered by unit	Needs manual input pass	P2	Small UX detail.			Not started	Not retested
DOMAIN-003	Domain Checker	Advice and mutation	As a user I want actionable advice for a domain result without accidental unsafe changes.	ViewModel advice tests cover suggested actions based on domain result.	app/src/main/java/org/adaway/ui/domainchecker/DomainCheckerViewModel.java	app/src/test/java/org/adaway/ui/domainchecker/DomainCheckerViewModelAdviceTest.java	Partially covered	Needs no-AI scope decision	P1	User said AI feature not needed.			Not started	Not retested
LOG-001	DNS Log	View DNS requests	As a user I want to inspect DNS requests observed by the VPN.	LogActivity displays LogEntry rows from VPN DNS logging.	app/src/main/java/org/adaway/ui/log/LogActivity.java; app/src/main/java/org/adaway/ui/log/LogViewModel.java	app/src/androidTest/java/org/adaway/ui/UxDeviceMatrixTest.java	Partially covered	Needs VPN log generation test	P1	Useful diagnosis feature.			Not started	Not retested
LOG-002	DNS Log	Sort and group log entries	As a user I want DNS logs sorted usefully such as by top-level domain.	LogEntrySort provides comparators for log ordering.	app/src/main/java/org/adaway/ui/log/LogEntrySort.java; app/src/main/java/org/adaway/ui/log/LogAdapter.java	app/src/test/java/org/adaway/ui/log/LogEntrySortTest.java	Covered by unit	Needs UI action test	P2	Usability polish.			Not started	Not retested
LOG-003	DNS Log	Redirect rule from log	As a user I want to create a redirect or rule from a logged request.	Log UI includes redirect dialog resources and callback surfaces.	app/src/main/java/org/adaway/ui/log/LogActivity.java; app/src/main/res/layout/log_redirect_dialog.xml	Needs UI behavior test	Not tested	Needs manual pass	P2	Advanced diagnostic action.			Not started	Not retested
LOG-004	DNS Log	Root DNS log expectation	As a root user I want clear expectations if DNS logging is unavailable.	TcpdumpUtils root capture is intentionally disabled and returns no logs.	app/src/main/java/org/adaway/model/root/TcpdumpUtils.java	app/src/test/java/org/adaway/security/SecurityHardeningTest.java	Needs UX copy review	Not tested	P2	Root mode still exposes logging entry points but capture is disabled.	UX-OPEN-ROOT-LOG-COPY	Verify root-mode log screen copy does not imply live capture works.	Not started	Not retested
PREF-001	Preferences	Theme	As a user I want light dark or system theme mode.	PrefsMainFragment binds dark theme preference and recreates activity.	app/src/main/java/org/adaway/ui/prefs/PrefsMainFragment.java; app/src/main/res/xml/preferences_main.xml	Needs UI preference test	Not tested	Needs manual visual pass	P2	Basic app preference.			Not started	Not retested
PREF-002	Preferences	Switch blocking method	As a user I want to switch between root and VPN modes from preferences.	PrefsMainFragment shows active method and launches onboarding for the other method.	app/src/main/java/org/adaway/ui/prefs/PrefsMainFragment.java	app/src/test/java/org/adaway/security/SecurityHardeningTest.java	Partially covered	Needs full switch test	P0	Misconfiguration can disable protection.			Not started	Not retested
PREF-003	Preferences	Root redirection settings	As a root user I want IPv4 and IPv6 redirect addresses validated.	PrefsRootFragment validates redirection preferences with InetAddresses.	app/src/main/java/org/adaway/ui/prefs/PrefsRootFragment.java; app/src/main/res/xml/preferences_root.xml	Needs unit validation test	Not tested	Needs invalid input test	P1	Bad redirect IP can break networking.			Not started	Not retested
PREF-004	Preferences	Root web server	As a root user I want optional localhost web server controls only when available.	PrefsRootFragment starts stops tests and disables webserver preferences if unavailable.	app/src/main/java/org/adaway/ui/prefs/PrefsRootFragment.java; app/src/main/java/org/adaway/util/WebServerUtils.java	app/src/test/java/org/adaway/security/SecurityHardeningTest.java	Partially covered	Needs native audit	P1	Native webserver is security-sensitive.			Not started	Not retested
PREF-005	Preferences	VPN app bypass	As a VPN user I want app-managed bypass to be explicit because it can leak traffic.	PrefsVpnFragment restarts VPN when allow app bypass changes.	app/src/main/java/org/adaway/ui/prefs/PrefsVpnFragment.java; app/src/main/res/xml/preferences_vpn.xml	app/src/test/java/org/adaway/security/SecurityHardeningTest.java	Partially covered	Needs settings pass	P0	Leak-prone setting.			Not started	Not retested
PREF-006	Preferences	VPN excluded apps	As a VPN user I want to choose user apps excluded from VPN filtering.	PrefsVpnExcludedAppsActivity lists installed launchable apps and restarts VPN after changes.	app/src/main/java/org/adaway/ui/prefs/exclusion/PrefsVpnExcludedAppsActivity.java; app/src/main/java/org/adaway/ui/prefs/exclusion/ExcludedAppController.java	app/src/test/java/org/adaway/security/SecurityHardeningTest.java	Partially covered	Needs device app list test	P1	Privacy and leak risk.			Not started	Not retested
PREF-007	Preferences	System app exclusion	As a VPN user I want system app exclusion options applied to VPN builder.	PrefsVpnFragment binds excluded system apps preference and restarts VPN.	app/src/main/java/org/adaway/ui/prefs/PrefsVpnFragment.java; app/src/main/java/org/adaway/vpn/worker/VpnBuilder.java	Needs connected VPN builder test	Not tested	Needs behavior proof	P1	Can break DNS routing.			Not started	Not retested
PREF-008	Preferences	Scheduled hosts updates	As a user I want daily hosts updates with optional unmetered-network constraint.	PrefsUpdateFragment enables SourceUpdateService with wifi-only preference.	app/src/main/java/org/adaway/ui/prefs/PrefsUpdateFragment.java; app/src/main/java/org/adaway/model/source/SourceUpdateService.java	app/src/androidTest/java/org/adaway/model/source/SourceUpdateServiceWorkManagerTest.java	Partially covered	Needs preference toggle test	P1	Background update reliability.			Not started	Not retested
PREF-009	Preferences	App update checks	As a user I want optional daily app update checks and channel selection.	PrefsUpdateFragment enables ApkUpdateService and controls beta setting based on store.	app/src/main/java/org/adaway/ui/prefs/PrefsUpdateFragment.java; app/src/main/java/org/adaway/model/update/ApkUpdateService.java	app/src/androidTest/java/org/adaway/model/update/ApkUpdateServiceWorkManagerTest.java	Partially covered	Needs UI preference test	P2	Store-dependent behavior.			Not started	Not retested
PREF-010	Preferences	Notification settings	As an Android 13+ user I want a shortcut to notification settings if notifications are disabled.	PrefsUpdateFragment shows app notification settings preference based on POST_NOTIFICATIONS.	app/src/main/java/org/adaway/ui/prefs/PrefsUpdateFragment.java	Needs device permission test	Not tested	Needs API-level pass	P2	Android-version specific.			Not started	Not retested
PREF-011	Preferences	Backup export restore	As a user I want to export and restore block rules as JSON.	PrefsBackupRestoreFragment launches document pickers and BackupExporter or BackupImporter.	app/src/main/java/org/adaway/ui/prefs/PrefsBackupRestoreFragment.java; app/src/main/java/org/adaway/model/backup/BackupExporter.java; app/src/main/java/org/adaway/model/backup/BackupImporter.java	app/src/test/java/org/adaway/model/backup/BackupFormatSecurityTest.java	Partially covered	Needs UI SAF test	P1	Data portability.			Not started	Not retested
PREF-013	Preferences	Android backup agent	As a user I want Android backup and restore to preserve preferences and rules when available.	AppBackupAgent backs up SharedPreferences and rules JSON through BackupAgentHelper.	app/src/main/java/org/adaway/model/backup/AppBackupAgent.java	Needs platform backup test	Not tested	Needs restore side-effect review	P2	Platform backup integration has no direct test evidence.			Not started	Not retested
PREF-012	Preferences	Language and telemetry	As a user I want Force English and crash-report controls to behave predictably.	PrefsMainFragment applies app locales and binds Sentry telemetry toggle or disables it in stub builds.	app/src/main/java/org/adaway/ui/prefs/PrefsMainFragment.java; app/src/main/java/org/adaway/util/log/SentryLog.java	Needs preference test	Not tested	Needs locale/telemetry pass	P2	Privacy and localization.			Not started	Not retested
UPDATE-001	App Update	Check for updates	As a user I want to check if a new app version is available.	UpdateModel retrieves manifest and Home shows update availability.	app/src/main/java/org/adaway/model/update/UpdateModel.java; app/src/main/java/org/adaway/ui/update/UpdateActivity.java	app/src/test/java/org/adaway/model/update/ManifestTest.java	Partially covered	Needs network failure test	P2	Secondary update path.			Not started	Not retested
UPDATE-002	App Update	Signed APK self-update	As a direct-build user I want APK updates verified before install.	ApkIntegrityVerifier checks manifest signature APK hash and certificate digest.	app/src/main/java/org/adaway/model/update/ApkIntegrityVerifier.java; app/src/main/java/org/adaway/model/update/ApkDownloadReceiver.java	app/src/test/java/org/adaway/model/update/ApkIntegrityVerifierTest.java	Covered by unit	Needs device install smoke	P0	Supply-chain sensitive.			Not started	Not retested
UPDATE-003	App Update	Download status UI	As a user I want update downloads to show pending and complete status.	UpdateActivity and UpdateViewModel render PendingDownloadStatus and CompleteDownloadStatus.	app/src/main/java/org/adaway/ui/update/UpdateActivity.java; app/src/main/java/org/adaway/ui/update/UpdateViewModel.java; app/src/main/java/org/adaway/ui/update/DownloadStatus.java	Needs UI status test	Not tested	Needs manual update flow	P2	Download clarity.			Not started	Not retested
UPDATE-004	App Update	Direct release self-update gate	As a direct-release user I want self-update available only in the intended signed channel.	Build flavors keep installer permission out of normal builds and directRelease enables self-update for AdAway-signed store.	app/build.gradle; app/src/directRelease/AndroidManifest.xml; app/src/main/java/org/adaway/model/update/UpdateModel.java	app/src/test/java/org/adaway/security/SecurityHardeningTest.java	Partially covered	Needs directRelease install test	P0	High-risk boundary but source-contract tested.			Not started	Not retested
UPDATE-005	App Update	Startup update check preference	As a user I want startup update checks to run only when the setting says so.	PreferenceHelper exposes startup update preference and HomeActivity now checks it on fresh launch only.	app/src/main/res/xml/preferences_update.xml; app/src/main/java/org/adaway/helper/PreferenceHelper.java; app/src/main/java/org/adaway/ui/home/HomeActivity.java	app/src/test/java/org/adaway/ui/home/HomeNavigationSourcesContractTest.java	Partially covered	Focused source contract passed	P1	Device/network launch behavior still needs full user-story test.	UX-OPEN-STARTUP-UPDATE	Preference was user-visible but inert; fixed by wiring fresh Home launch to HomeViewModel.checkForAppUpdate.	Fixed in working tree	Focused retest passed
NOTIF-001	Notifications	Notification channels	As a user I want update FilterLists and VPN notifications separated by channel.	NotificationHelper creates Updates FilterLists and VPN channels with descriptions and importances.	app/src/main/java/org/adaway/helper/NotificationHelper.java; app/src/main/res/values/strings_notification.xml	app/src/test/java/org/adaway/helper/NotificationHelperContractTest.java	Partially covered	Needs installed-device channel review	P2	Channel importance cannot change after creation on existing installs.			Not started	Not retested
NOTIF-002	Notifications	Hosts and app update alerts	As a user I want actionable alerts for hosts and app updates.	NotificationHelper builds distinct clearable notifications that open Home or UpdateActivity.	app/src/main/java/org/adaway/helper/NotificationHelper.java; app/src/main/java/org/adaway/model/update/ApkUpdateService.java	app/src/test/java/org/adaway/helper/NotificationHelperContractTest.java	Partially covered	Needs notification permission UX test	P2	Android notification permission can hide alerts.			Not started	Not retested
NOTIF-003	Notifications	Notification permission affordance	As an Android 13+ user I want a clear path to enable notifications if blocked.	PrefsUpdateFragment shows app notification settings when POST_NOTIFICATIONS is denied.	app/src/main/java/org/adaway/ui/prefs/PrefsUpdateFragment.java; app/src/main/res/xml/preferences_update.xml	None found	Not tested	Needs device permission test	P2	Runtime settings behavior needs API-level coverage.			Not started	Not retested
MORE-001	More	Tools entry points	As a user I want More to expose domain checker adware preferences and support actions.	MoreFragment wires secondary app destinations and support links.	app/src/main/java/org/adaway/ui/more/MoreFragment.java; app/src/main/res/layout/fragment_more.xml	app/src/androidTest/java/org/adaway/ui/UxDeviceMatrixTest.java; app/src/test/java/org/adaway/security/CrashSurfaceHardeningTest.java	Partially covered	Focused crash-surface retest passed	P1	Full navigation/device pass still needed for every More row.	UX-OPEN-MORE-EXTERNAL-LINK	More GitHub/Help row directly launched ACTION_VIEW and could crash when no external Activity handled the link; fixed with resolver and exception guards.	Fixed in working tree	Focused retest passed
ADW-001	Adware	Scanner	As a user I want to scan installed apps for known adware packages.	AdwareFragment AdwareLiveData and AdwareViewModel populate scan results.	app/src/main/java/org/adaway/ui/adware/AdwareFragment.java; app/src/main/java/org/adaway/ui/adware/AdwareViewModel.java	Needs device package fixture	Not tested	Needs privacy review	P2	Package visibility constraints.			Not started	Not retested
ADW-003	Adware	Adware signature freshness	As a user I want adware detection rules to stay accurate.	AdwareLiveData scans installed activity receiver and service component prefixes against static matchers.	app/src/main/java/org/adaway/ui/adware/AdwareLiveData.java	app/src/test/java/org/adaway/ui/domainchecker/DomainCheckerTest.java	Needs dedicated test	Not tested	P2	Explorer found no direct matcher tests and the static prefix list may be stale.	UX-OPEN-ADWARE-MATCHERS	Add matcher tests or decide whether to remove this low-confidence feature.	Not started	Not retested
ADW-002	Adware	Uninstall action	As a user I want a detected adware app removable through Android uninstall flow.	AdwareInstall and AdwareFragment start uninstall intents for detected apps.	app/src/main/java/org/adaway/ui/adware/AdwareInstall.java; app/src/main/java/org/adaway/ui/adware/AdwareFragment.java	Needs UI intent test	Not tested	Needs destructive action pass	P2	External uninstall flow.			Not started	Not retested
ABOUT-001	About	About and licenses	As a user I want app version project and license information available.	AboutActivity is reachable from preferences and About resources render app information.	app/src/main/java/org/adaway/ui/about/AboutActivity.java; app/src/main/res/layout/about_activity.xml	Needs UI smoke	Not tested	Needs license copy review	P1	MIT goal depends on license clarity.			Not started	Not retested
SYS-001	System	Quick Settings tile	As a user I want the Quick Settings tile to toggle ad blocking.	AdBlockingTileService is registered with BIND_QUICK_SETTINGS_TILE and toggles service state while tolerating a missing tile handle.	app/src/main/AndroidManifest.xml; app/src/main/java/org/adaway/tile/AdBlockingTileService.java	app/src/test/java/org/adaway/security/CrashSurfaceHardeningTest.java	Partially covered	Focused null-safety contract passed	P1	Full Android tile interaction still needs device pass.	UX-OPEN-QS-TILE	updateTile assumed getQsTile was non-null; fixed with a null guard and regression contract.	Fixed in working tree	Focused retest passed
SYS-002	System	Boot restore	As a user I want protection restored after reboot when configured.	BootReceiver handles BOOT_COMPLETED, ignores non-boot broadcasts, restores VPN only when VPN method and boot preference are enabled, requests VPN permission without starting the service when permission is missing, and starts VPN only after permission is available.	app/src/main/AndroidManifest.xml; app/src/main/java/org/adaway/broadcast/BootReceiver.java; app/src/main/java/org/adaway/broadcast/BootRestoreController.java; app/src/androidTest/java/org/adaway/broadcast/BootReceiverBehaviorTest.java; app/src/test/java/org/adaway/security/CrashSurfaceHardeningTest.java	Focused connected boot-restore behavior test and unit hardening contract	Covered by tests	Focused connected boot-restore test passed locally; unit and android-test compile gates passed with JDK 21	P0	Protection persistence. Direct receiver and policy behavior covered; physical reboot delivery remains part of release smoke.	SYS-002-ERR-001	Before fix, the permission-required VPN boot path requested VPN permission and also attempted to start the VPN service in the same callback.	Fixed	Focused connected test passed; unit gate and android-test compile passed locally
SYS-003	System	External command API	As an integrator I want signed commands to trigger AdAway actions.	CommandReceiver is exported with signature permission and handles SEND_COMMAND.	app/src/main/AndroidManifest.xml; app/src/main/java/org/adaway/broadcast/CommandReceiver.java; app/src/main/java/org/adaway/broadcast/Command.java	Needs permission test	Not tested	Needs security pass	P1	Exported receiver.			Not started	Not retested
SYS-004	System	Package replaced handling	As a user I want scheduled work and state repaired after app update.	UpdateReceiver handles MY_PACKAGE_REPLACED and repairs hosts, app-update, and filter-set scheduled work from persisted preferences.	app/src/main/AndroidManifest.xml; app/src/main/java/org/adaway/broadcast/UpdateReceiver.java; app/src/main/java/org/adaway/model/source/SourceUpdateService.java; app/src/main/java/org/adaway/model/update/ApkUpdateService.java; app/src/main/java/org/adaway/ui/hosts/FilterSetUpdateService.java	app/src/test/java/org/adaway/security/SystemReceiverContractTest.java	Partially covered	Focused package-replace contract passed	P1	Release smoke still needed for real app upgrade path.	UX-OPEN-PACKAGE-REPLACE-SCHEDULES	UpdateReceiver only logged MY_PACKAGE_REPLACED; fixed by resyncing hosts update, app update, and filter-set schedules from persisted preferences.	Fixed in working tree	Focused retest passed
SYS-005	System	Launcher shortcuts	As a user I want launcher shortcuts for Preferences DNS requests and Your lists.	Static shortcuts target PrefsActivity LogActivity and ListsActivity with app icons and labels.	app/src/main/AndroidManifest.xml; app/src/main/res/xml/shortcuts.xml	Needs launcher shortcut test	Not tested	Needs alternate applicationId review	P2	Explorer flagged hardcoded targetPackage org.adaway may drift in alternate builds.	UX-OPEN-SHORTCUT-PKG	Decide whether shortcut targetPackage must be flavor-aware.	Not started	Not retested
REL-001	Release	License boundary	As a release operator I want GPL and MIT boundary reports before release.	check-license-boundary writes source and artifact reports.	scripts/check-license-boundary.ps1; LICENSE.md; THIRD_PARTY_LICENSES.md	app/src/test/java/org/adaway/security/SecurityHardeningTest.java	Partially covered	Needs legal review	P0	MIT is blocked without provenance clearance.			Not started	Not retested
REL-002	Release	Release artifact verification	As a release operator I want signed manifests checksums APK hash and cert proof.	verify-release-artifacts produces verification report and release readiness consumes it.	scripts/verify-release-artifacts.ps1; scripts/verify-release-readiness.ps1	app/src/test/java/org/adaway/scripts/ReleaseReadinessScriptTest.java	Partially covered	Needs tagged release run	P0	Supply-chain gate.			Not started	Not retested
REL-003	Release	Physical release smoke	As a release operator I want a real device launch proof for release APK.	run-release-smoke records package signer device hash launch pid and source commit.	scripts/run-release-smoke.ps1; scripts/verify-release-readiness.ps1	app/src/test/java/org/adaway/scripts/ReleaseReadinessScriptTest.java	Partially covered	Needs physical device	P0	External gate remains.			Not started	Not retested
REL-004	Release	UX matrix sign-off	As a release operator I want human-reviewed screenshots across font scale and RTL before release.	run-ux-matrix creates review packet and verify-ux-signoff validates checked packet.	scripts/run-ux-matrix.ps1; scripts/verify-ux-signoff.ps1; .github/workflows/verify-ux-signoff.yml	app/src/test/java/org/adaway/scripts/UxMatrixScriptTest.java	Partially covered	Human review not done	P0	Automated tests cannot replace visual judgment.			Not started	Not retested
REL-005	Release	Final readiness aggregation	As a release operator I want one report tying release proof artifacts to one source commit.	verify-release-readiness checks reports hashes source commit release tag APK SBOM and UX packet hash.	scripts/verify-release-readiness.ps1; .github/workflows/verify-release-readiness.yml	app/src/test/java/org/adaway/scripts/ReleaseReadinessScriptTest.java	Partially covered	Needs real release artifacts	P0	Final proof gate.			Not started	Not retested
